videoId,videoViewCount,likeCount,dislikeCount,commentCount
-Dw-yKO9qLE,31731,2829,51,130
-F32UTNBdtA,37281,791,16,357
-JFQ9GVOvNQ,38703,2652,33,207
-f8N4FEQWyY,243804,2738,179,56
-gGRiI0Bkk0,296908,7482,360,375
-ii3UmgmzKE,106414,2666,92,142
-mwkqcRTFrw,26141,172,9,50
-wcsf4tdx80,144789,4318,230,719
06_gk4AKvoA,747542,9687,437,2484
07VGUCIhAT8,4179,5,5,3
094JkIJuy2c,27033,611,18,94
0DjT9HsavrQ,519201,17966,627,2051
0JCWxPweU80,10112,982,13,99
0Vbn4GWXfag,865240,25759,715,3423
0_-WJDWNEGE,4650,353,21,39
0aVlqo0rUCg,411223,43853,2784,1481
0ozWqNLMgyk,4330,408,15,31
0wNlmqqpZBI,376234,7998,312,1539
0zx_eFyHRU0,256314,4113,153,367
1-oK2xit-sw,145,30,0,0
1LgG7eU5KYI,43427,891,58,19
1O5I5jM1h9M,68,8,0,1
1b7-XJnh-KE,59507,7569,93,804
1jCC2w3HYsA,7246,349,19,65
1jufEu2LJ7U,92,26,1,50
2-Fht-iU2NQ,83536,6759,200,980
20EwK-7UIUY,383,41,2,2
25B6NJTsLWI,841,89,1,41
2NY0I7wmIM4,86239,5458,92,1226
2R5QGPJ5HZg,16491,757,56,138
2k9LgkaGyFs,19999,1056,15,215
2vPcdCOVReQ,72000,1590,22,643
2xvaYaTGwHI,8914,534,9,50
3Q92ukFFcks,394966,25195,509,1479
3Uy0E3cW7LY,5943,19,1,2
3lEjuU-XFHg,699654,5606,370,795
3se1fGYOJk4,58666,1203,31,267
3xurm2qlgFQ,153,9,2,3
3ycQWUZVnEI,14398,15,6,1
42EEJh5YIk4,946155,6903,960,647
42desNbe_Qw,186303,16057,825,950
44-wZM3ZI78,57111,894,62,33
4JSo0dnXdrQ,208956,10640,150,699
4QkDy-zGvEI,78,14,1,2
4bz7vSVX2Nw,198196,1698,186,86
4c_q9mtaw5Y,59736,2069,66,135
4g9dyxFyZy0,8001,207,19,59
5mhqHNufFr0,210177,4157,136,992
5t4NIvrsxYA,1985,380,6,24
6HLpNBNF7vo,160633,2610,337,277
6_NcEhW51No,6924,1065,9,62
6bqEPSpGwos,498376,3237,209,86
6bybv5is7No,126,15,2,11
6cUTV-h39To,308806,6075,495,583
6i6-LfPBqls,63094,1347,45,67
6mzs90-KlMg,832,67,3,8
6rQ6ACzX5k8,857562,6178,707,630
6xuX_-f3SHM,2232,30,0,6
76SK9WVFfTI,13673,716,19,168
7D8KlDkOhVA,38498,1919,69,141
7RoFPWARD2A,6,2,0,1
7S8t0XGkuhs,174283,3705,56,874
7VUp6Q5OFE0,57513,756,111,95
7iC-Qkm186A,39814,1878,70,362
8D0UAPR9UAg,187,29,0,23
8I-gzR3IsBo,474,34,3,5
8JB7Rd3rktY,121,22,1,13
8R0K7um2-dU,8029,559,23,201
8as8poMEJ5E,27071,501,13,111
8cjsPRV-W0A,30421,2055,13,395
8mb4UpB6Tu8,259080,18424,930,1160
90pYfViHj6Q,486126,13275,429,1971
94YptXgHQls,184107,474,25,245
97YHvBUohhc,793385,37795,1589,4541
9GMErc8MBjw,958032,15519,787,4829
9nd8pA2uLHE,10593,1574,25,178
9zqN-f3wm-Y,1175195,48841,2808,5411
A0YlLFrnssw,21632,72,8,2
ABY7w3kJiJ4,263166,7106,265,604
AC6vxB0r8Ps,118049,3527,154,809
AQPRPEPqwZU,224588,15575,332,1593
AgddeZjOaKs,18771,161,9,26
Ar1n6DSbAX4,211363,2654,160,632
AvKI6Mvd0Qo,399482,4347,182,207
AvkMy-9CCSY,18601,277,13,37
Ax7URYRrtMw,27853,46,54,3
B5oDG7bdRaQ,57998,1740,49,522
B6i44l9jHNQ,146390,8883,91,1405
BP1UQ04N1PE,8376,174,9,144
BzLMfdW5Hyg,4813,392,6,46
CCGtn1sf-BY,90041,2032,45,646
CE0jkzUXt1o,600791,15285,685,4632
CExnd77JqZM,27310,185,45,60
CObxwm9s1Ec,38290,1798,48,605
CTiPVR6szCA,282558,4303,198,556
CWy99VMFsMM,260337,10319,222,1141
Cf4SCxzmxjc,336642,3024,388,422
DCxVYb6Cj0U,192277,10062,210,614
DCzf8cNwABs,149662,1765,122,56
DD7gpqssB24,2511,2,1,1
DFWQN0ISUjc,376231,12204,479,1641
DVObNjIqZMA,16007,1016,41,173
DbtMQFGCCKM,4144,72,3,5
DjyAqYrTpcs,2534,13,5,3
Dls_oaC2BlM,803165,32282,1590,1872
Dm6k8PJb-5M,10115,81,4,0
DmATLxOtOO8,2534,193,3,33
DnMjbeOyXFQ,54592,2403,270,626
Dt1OJvCPQVg,873546,7657,802,1845
Dvs424Ur1Io,129849,7950,79,543
DxDpKkmNkeY,50832,751,19,253
E1Z2ZLMpmfk,1047008,26169,1073,2199
EBoPk6b9dG8,79993,1209,50,33
EPb4NF_T80s,56743,5398,164,521
EQQzXw4dM3A,88932,34,16,0
ERTKBVPd594,433500,7540,218,2483
EViR4cubNuQ,19844,239,12,29
EXZ7_DVxztQ,38191,1072,25,232
E_GOLu5guMM,59610,1919,92,125
EogzMkz65M8,368,71,2,42
Es7k8JNfpyM,41536,883,66,161
EtlB4rWZh4Q,195427,5742,493,226
EzS0tp5pjL8,153471,2772,82,1458
F0TuAAIS3ks,7506,116,0,12
F49t7HR0D9U,13754,936,21,128
FA-QgV3cBGI,84480,1232,27,150
FH1DcL1pqn4,164263,3497,132,420
FHDQMCWDXfw,535429,14107,474,1395
FMgaAIVFj60,17084,1815,42,142
FQ232-qf-3c,49468,1082,61,207
FS6GRiIOoCk,210795,4077,128,367
Faxlb3sPmiQ,755,104,2,0
FazUP88eIJA,89205,1178,62,402
FqbzGW8o6Hw,436178,16139,563,1224
GF_WZa7T6es,2127,202,40,63
GIRcpjg-3Eg,324344,3889,182,106
GIzP2eUdq7o,5759,105,7,8
GVBEIuAs7go,5841,10,2,2
GVaaFM4jX3o,7628,57,12,35
GZy0siazLzM,517854,35066,527,2888
GaaAC8y7TzQ,948382,11919,639,2374
Gc2Vqe6G_AQ,919253,28652,1048,3781
GsDAVafO4O8,1839,126,2,59
H5YnJ3EEojo,136603,5749,93,153
HDEhLpS7UwM,155735,2914,249,218
HF1y_TBr_cI,101596,2070,109,380
HFDnP53mZU0,57718,2527,85,314
HFgNbJl7gSo,1222217,8944,788,1089
HIFOHMxq7mc,143120,7408,266,866
HSfK-Xz2x7Q,188436,8403,80,642
HTDFtuR4rhc,11275,40,6,10
Hhm56dBvtTQ,29665,2455,28,634
Hp3XGClXjBY,73110,1553,44,119
Ht-zQ-IYeoo,269029,2624,192,805
HvdCmH2mFTo,222138,7459,247,1323
HxrWS2mLtKs,4178,67,2,0
I3xFoeWkg2M,29627,393,29,89
IAhe98vo5MI,1196058,48704,1283,1142
IFm3lJZauq0,1913,50,6,31
IGgrIVvPIQg,566,104,1,47
IQqtWJXZC9o,595,59,2,35
ITpFvnDTgM4,6646,135,4,40
Ij_CZlKZz24,291463,7617,273,1937
IvrNnVFT694,423581,9814,183,1202
IxQKB8PJJP8,454175,4472,220,797
J8Zthspdh3M,65355,2415,54,279
J8lKY00piP8,17118,552,12,169
JHf82bSGr-I,55976,1450,48,133
JLI5rkTyJWI,160055,16303,158,382
JLdAkfhPe60,16222,401,12,65
JM8N7fpQ9pM,64953,2735,58,253
JXlEUGX2I_g,1297272,46790,1039,8527
JiLAwFpBap8,189328,8278,765,770
Jq69MUa46f8,508,80,4,8
KCTmSMSLq8s,29965,378,8,36
KTZwWnVx63w,33,7,0,1
KVI02Ot5dBc,5189,9,0,1
K__nkvVO0l8,42486,1154,174,752
KeB59RjrLsE,56657,40,4,35
KpEb8M23LsU,170929,6811,539,3153
KrerZQILqJs,866265,65084,1546,1778
KuHtBAM5BDw,430,44,1,9
Kv1VhE0piRU,7967,347,12,32
KzieAXe47xM,51,12,0,3
L7TfthtF2Xc,5,2,0,1
LKxhXeJeAAM,21871,53,20,2
LT52umh68us,1325550,230640,1098,4556
LuCNT9iYYDU,33844,1287,117,92
Lznxyqts1ac,10492,987,11,378
MAPcsU1Klt8,99932,5479,318,554
MBnSzhR_bGE,751548,10748,776,1917
MDBve3z9_d4,712730,17396,860,2317
MHzGqTgVRuQ,6244,872,20,180
MhuaGc6MQ_k,70669,1419,35,352
MuBiY7VdWNY,37281,730,41,54
MyqeF2vVGnY,148613,2440,141,368
Mz_IT2vtPTw,2060,123,1,13
NGGTeK9s1fE,55,8,0,0
NNC-Xl844s8,74904,3965,37,504
NPQ_odQerjs,13506,215,22,17
NSD1NpS8Mdg,78355,1782,60,215
NbcO2suildI,46605,1864,112,300
NfyOSmDl9mY,138972,2084,48,96
Nk5q0oEpZVA,75625,3091,63,369
O-TdQDPkxbo,143123,4690,128,943
O97miaBQakM,46956,644,21,92
O9ychHR-2DI,395957,8732,228,2137
OFJvrSWAwyc,17707,1796,30,141
OG_csU-uNBQ,43202,1746,51,350
OHCn7esHlQg,74258,5024,74,165
OL_T-1dPCE0,14292,909,38,609
OPw0e3NmEfE,11428,65,14,9
Ogf0kOmfCUg,1326714,29086,682,5502
OzVE3FH3pHM,31842,2405,76,216
P-5FYwJz22g,53193,7844,220,283
P7nEyYpoK0I,116983,1943,63,643
PT0I8AVHMv0,51018,808,68,136
PZA4ftDJ9No,357016,3936,432,336
PvQMM3cyRaE,140,94,0,22
QWt44dIk8f0,612,71,0,45
QeT7tpocXfE,5706,73,4,2
QpudaicfzzM,513210,20748,349,2735
QsuOb5IYgJ8,4995,342,4,44
R2SfgtTA0hc,292502,13375,207,1134
R5cxwwHJx4s,150341,10830,254,360
R5n9P4tSZ-Y,30785,653,38,398
RFI9M-QaOaY,80315,1762,250,359
RU9TdbYXBrI,8245,384,27,194
RX160bcMFuA,997529,27920,665,767
RdPtnrzZk6Q,51137,992,27,156
Ru4VFYrNFPg,10067,16,1,3
RwNI-MTaOaE,158410,3726,415,1342
S2ySxIJhkEY,15948,813,24,462
SCy8aFp1xAY,35079,72,14,27
SoI3jSR3_7g,883540,27979,1281,5631
SuJuvmsXN40,56,19,0,0
T3TcAzbq9g0,118808,1259,43,114
T5-LaXF_etw,792,131,6,28
T8DX7Nf9cLk,27119,1204,8,18
TMdC6fg5dDc,190908,6013,323,692
TRq4gjYyjKw,9368,1111,7,867
TX9wXxpJkW8,4125,5,0,0
TZraKWjEm7E,24309,2720,47,124
TjQvCMmeKZQ,122080,2703,71,290
To9zoIxuSUk,25,1,0,2
ToqxyeRg_ic,9718,678,7,128
Tukgxs9xIpQ,100144,7181,99,411
U-DbFgjy-bo,16176,292,12,79
U-_odoasmsE,99228,1194,310,104
U0ffr2heCS0,71397,2171,101,66
U5pUZBRlC3A,7749,523,9,52
U8xEZkCylds,33453,2793,42,231
UH3YdWV-pIw,40693,1359,58,322
UkQPEw4DgcU,196583,14171,220,584
UvcQlPZ8ecA,321518,5334,175,389
V27McA7ch6w,18230,2674,40,463
VAMP8DqSDjg,41808,1736,22,232
VPQmIceszjk,519388,18293,367,514
ViaMhbDAV80,1102107,7356,778,668
VkWtCZ49Bq8,39126,1042,21,398
VkYLgEJ-x9Q,410678,6861,146,436
Vo1FdvJOhsY,118,12,2,9
W9W8Dhqo1Ms,109415,1909,90,135
WEK7ECJ0bUQ,339363,2928,1258,543
WN0WWwcL0rI,106726,1840,41,307
WPfNY5jAsmk,205194,1312,153,138
WZoypnCW2ic,717656,6524,272,1576
WiBOcJhmXBk,37974,112,42,42
WuFr-XRIDb4,917055,13651,662,1949
X-94wBoczlQ,978420,12175,1036,1202
X8SjGlbEqMg,4425,4,7,2
XFTwHYtkSq0,5604,206,5,36
XI9cRbYvN5M,479876,12688,1456,2029
XRNRBRyjECk,72888,3722,103,236
Xhqi34m06Lw,24,3,0,0
YTL0i5XzS7k,62659,3545,89,863
YZtNyoqOlss,12608,378,6,47
YihdCUpd5Nc,23585,776,31,74
YpW87I6XcSI,1116510,30367,1241,1355
Yrc-kUdTnAE,1066652,18513,1816,8229
ZIY6fuq4V6E,116213,393,69,164
ZJIV35wu__4,58726,1183,139,1622
ZLLVYA8JGYg,47519,1609,65,272
ZMkhUtJNoHY,63323,502,41,139
ZSBG0yp4LTU,1148882,16642,562,4869
ZZt0ijE8HdY,1114191,30419,1138,1934
ZaTIENKGp6A,39710,923,99,290
ZeXnlzeIOhw,83900,1897,245,366
Zm3Cb9RYF9k,593280,18138,690,2677
Zvv5vIrG8E8,20054,214,6,56
ZxV6IcNvbek,804235,9440,266,1359
Zz-15fvIhjM,44016,116,31,28
_1T-MQyP__Q,248432,6626,280,2057
_989Webd9_s,93692,877,31,187
_SOMkKNIkiU,74,15,2,7
_SdSeJEcXm4,211251,7339,184,489
_eVwrr_tK7Q,54987,1838,38,722
_elwqBKIlLI,44005,1325,44,46
_fNEkzBnqdk,416539,4360,332,748
_gchw1awO7I,150095,3710,94,411
_inau5NGECM,7648,371,12,107
_oIlLkSi5ZQ,183640,5147,125,640
a50-txfu-cs,1865,328,8,16
aKVpOpW_hr0,264529,4440,105,189
aSUy3My8sAE,75995,3209,66,343
aUniGISO_lo,430284,13348,718,792
arZHYTJfB0k,963695,36608,1055,2025
ax01e4djxHU,506625,47025,1209,3075
b0WmZXlLbUs,47845,1994,118,755
b224xcfXoG0,28390,686,20,163
b3l5MJEuIpA,568341,3807,685,190
bD0jywkYCOI,339733,8151,451,1551
bDgUFNdfa-A,112423,8032,87,1632
bKvol6cHqpc,73,16,0,3
bMa0hRLqi64,259,51,0,0
bSoOeMD7hwo,960028,15618,1036,972
bm3mLBJWBhc,221808,6489,244,1547
bn_Fe_QqGmQ,10198,434,20,111
bpb7iH3Er2M,7502,219,92,85
bsDaJhUBxmA,769352,17991,351,678
c1imKQvsCfc,25810,4165,109,791
c2L5rE3YO7w,49194,1123,36,341
c9gGIku_i-w,181386,5371,161,812
cBPd0jep1iM,21390,395,10,101
cFF3CUtrLk0,38929,1011,11,39
c_n1RnodKjs,223374,5856,283,714
ccXFdmBdv5I,158,23,0,2
ctC7hMCSdRY,27994,2299,33,843
ctdy8TUgfe0,585272,44510,874,4739
czbzvrAUbrA,415587,3838,268,1701
dO30OnTsJhk,321004,16369,551,2090
dRjFqik2IJ8,44311,1884,193,192
dYVnBw2p8cE,215976,27369,1302,1889
do06MPWf9E4,419799,18628,298,1293
duYxNbt4LcE,586320,24012,1094,2494
eObdJKzhB0Q,90076,4853,62,553
eU2C6iDblcc,898,126,1,27
eY_Yww2-Kyw,352827,3114,281,550
ebsuSAh9M3o,84,17,0,12
edKDxJ7C8HE,566550,9966,270,1254
et4FAieC4wA,417,41,0,54
f7m1J_YswBA,1326016,16440,605,285
faKZHbp2nDI,24,2,0,0
fksBy5xTDDg,26072,801,104,86
fvnRFilkkxM,146313,2854,44,136
g7Ng6ymCvVc,103525,6484,226,392
g7Qpnmi0Q-s,70917,938,43,73
gPbq1f-QhC8,193,20,0,0
gQeywajbfyg,11789,775,37,395
gWIAk50P79c,38,14,1,5
gcXHZg9n5Bc,7003,421,21,95
gmuVeh8zv7Y,65047,1084,92,227
gqQ8qvDINdQ,37156,664,27,69
hCnlzDmV3QI,12409,143,3,32
hMGz5yHGuPg,79002,2001,111,71
hbXNy9chpRg,31260,2193,323,648
hbgJ-Zkpwvw,963871,29491,666,2488
hd3SBO7nlbE,492458,43532,655,2094
himiZflJ8Zg,44756,67,151,0
hnsSuJa871g,582216,33176,1636,1820
hwdzzPmVeE4,209157,9014,222,2817
hxAm0gJHADo,19331,792,90,95
i3Ft-Gvr9uQ,89386,1716,115,298
i3MRmmrUUUY,229,22,0,6
iDifZd-SKv0,471482,16042,304,5127
iHMOfaOMzBU,492018,24084,358,3186
iI8whevaRps,182058,10661,175,520
iYNWwAC0xM8,18461,2539,36,469
iYT-hYmq5Bs,195518,4824,114,1177
ifzF_4ZN7Ao,108297,2277,206,470
ilX9w0hAld0,134753,1151,73,60
j1Wqri9nqk4,70415,2635,89,94
j5AmFYTPnQ8,121366,11748,388,1075
jHwcaKjiDts,88878,2499,115,446
jUfGR3CZFI4,3317,88,23,36
jaEwp8peONM,77948,1805,59,208
jjt_nDIZI0Q,233976,3095,1945,949
jl2RxUlGT5s,40033,568,74,75
k9oQCXF8JUw,407564,9776,223,1362
kI1FeDvcSFU,126621,3757,63,561
kMG0TGy9x4Q,108495,7989,106,731
kQABeUrLfeY,87,8,0,9
kZxX6kVeaJ4,439347,4756,728,386
k_8er-RjpEk,241726,9961,194,311
ka5TD8WVKJU,129505,2864,392,466
ka9R3aw27Ck,832860,21105,1276,803
kg5U4gozgeo,408248,3146,609,891
kwcHuP3nMPw,106,7,0,1
l1d2J6YzpXM,4091,505,3,74
l9GnWYKyyYo,1069242,15897,675,2879
lF8aHnlcGpk,30,2,0,2
lL2YcrcO7Rg,1257020,79473,1430,4241
lMFZ9N58kMk,90621,3269,42,480
lTdJnWEpBaA,166161,1577,91,42
lxh5yxPvm9w,28751,391,20,45
lznxClBzyL8,51016,1317,54,277
m4zxFLoOKjs,19745,109,13,11
mVJsm_000c0,877658,14778,586,1628
mVTA2rNcaaE,2632,551,16,138
mbRsMQDQMEM,39937,2838,55,387
mbV6jXDAiIw,27554,1021,34,247
mdnoI_PIdaY,109512,2360,87,361
mfxUTHBvihA,14681,1879,26,126
muhFxgsTTng,9741,560,3,45
n1AXJjpM0L8,220157,4032,122,592
nBWnNtt78OA,3580,218,7,26
nBfAe0_Xjiw,8324,508,10,64
nDvjNYPcOd0,158649,9858,173,792
nEbYZntXOYc,190189,5179,264,5493
nSn0w8LC0QY,19195,129,39,0
nVy4GAtkh7Q,1270308,34830,2862,2671
nYTow1-qp-E,93285,8055,189,521
nYUge_mLd0w,8032,185,10,31
ny4A4QimE_A,261109,77,69,13
nzzqLc4pyzo,38236,1922,44,619
o3TmNg7yOug,2128,11,1,0
o79ujpHV_qE,7203,382,17,86
oKP6gA6u_H4,293259,7029,301,686
oVoOnExtu-E,106519,849,38,32
ofzpEjEx8EA,4454,52,2,2
oo7mb-R_Uzg,38,4,0,1
oxtYv7ZoTPw,194796,4651,107,5568
ozbItBzeGQQ,869109,8247,910,554
p5_j_w0JFhg,255,19,3,5
p5xhGljbCXc,151,33,1,14
pTWhE_HJ3l0,5535,13,18,7
pURgwyzk544,10261,1030,9,60
pVx91NfvLto,260504,11305,515,1000
pg-XDvF8EcA,980,139,1,24
pgt5UOX6p50,53644,2806,76,537
pnYSMNNPVCA,41283,786,29,90
pqRAi_3rERA,26797,182,29,40
q2HMRdopyiY,121255,3200,115,1656
q4ziE5Am0pM,362723,6383,289,948
q73J5GFGE34,1571,201,17,41
qEhmsgq8Y7Q,202154,1730,82,71
qElLHQd3MMY,76961,2542,61,510
qLe5RuMQ7PY,46016,1414,128,372
qOkEMeooAwY,14951,671,10,111
qUfWTYkj4Q0,720799,14596,346,4146
qZdiBhEKUfY,200167,10105,261,3064
qaIljpJ7dZI,311427,11875,668,1078
qld-ra6qkeY,21916,2027,27,276
qwi577pvqo8,60611,1477,389,394
r7aXV0Mx11s,26,3,0,0
r9QyCOvZwSA,12870,861,16,90
rA3LW-YWnsU,14051,160,9,43
rmzZcjZ7IN8,174396,2263,237,488
rn5iTBipODo,49077,3734,1026,2258
rn6cyiHl43c,121282,10369,144,1118
sEtuQM4dYdY,25178,783,27,63
sLvOTFIHCG4,164675,7855,112,620
sRVMkAhJauU,860,54,1,15
sddqg_jq7Ck,32782,831,43,42
siHezfz4bmY,293513,5497,127,1767
t1NXVOZdW5c,3590,38,4,6
t3VM6RPJ8BI,1725,91,1,49
t6yQwLuoO3w,349344,13788,230,1442
tISXPaQpL2Q,61114,838,77,177
tNg3oYUZYNk,86080,2245,173,1047
tPJAwlSopc8,721,58,2,30
tPzFWM_Xrrw,16716,710,29,234
tXLn9bugnGE,1101775,80460,1945,2907
tZjtwz3zKqE,116818,1058,64,45
tasVFt9-JeA,83799,3336,177,1729
tbRxy30PRmM,385897,4557,909,228
te8KE71ndso,388969,4766,399,684
tfhof7J9HTw,102919,1800,65,303
tirNbkEXZII,899850,10509,834,602
tzYUbaJ7gdA,135273,3728,110,787
u-hhYH2qDcQ,295,17,3,1
u3RTMU8x8p4,20572,1893,47,190
u5UhSixpPJo,47736,72,18,61
uGJUWqjxf2Y,7250,568,13,56
uXmLRMQomwc,3168,9,8,20
uZC2gPefm8E,129992,2100,121,261
ufsVztVTQWg,14625,1262,16,852
uxj-XodurOA,49988,2067,61,175
v1dBud5Fie4,59240,2058,24,402
vGN4aXCuGuU,812532,9330,469,1690
vHS_3qi0kXg,818918,17611,549,1584
vIE_nwpeYP4,419924,5791,267,876
vYLcQAyDkUQ,54034,2129,71,135
vZxiI7AUUwg,1072611,34356,1558,3940
vczJFAABEkg,789,103,1,29
w1xcxC_MQzE,140770,3560,55,393
w46qYPrgK70,14611,356,33,303
wPJfFANr2RI,55693,3901,51,241
wVRjy1ihscA,534968,16121,249,1862
wxo6uIox2n8,264614,6014,647,202
x27ebzuQcHM,572107,61575,708,4303
x4eTfrx2Wvo,1271,73,4,31
x5MhydijWmc,480054,7886,183,1000
xCSnwU2c29s,113,7,1,4
xdDNWxTppVk,543540,18353,1573,1932
xwUDt8aaYMk,139280,1505,64,169
y6a3uR_ag28,30443,469,28,368
yCYuNgBjPGQ,327103,2022,284,582
yO3meGBLlgc,229411,9100,453,2556
ysvDYuNBhtM,19163,561,20,111
z7zgwmD_puI,1058,119,13,0
zEZbfww129k,141801,4845,139,459
zKWU0gEM2C0,620,69,2,9
zQd7lyXW3VQ,14356,35,56,6
zaEevccnrrs,66994,1970,60,288
zegVevzqlm8,100031,4139,233,268
