videoId,title,channelId,channelTitle,Date,videoViewCount,likeCount,dislikeCount,commentCount,channelViewCount,subscriberCount,videoCount,positive_comments,negative_comments,neutral_comments,stock_price_before,stock_date_before,stock_price_after,stock_date_after
LT52umh68us,SEU COMPUTADOR FAZ ISSO! E VOCÊ NÃO SABIA! (Parte 2) - Windows 10,UCuxfOdbKQy0tgGXcm9sjHiw,Coisa de Nerd,2020-05-17,1325550,230640,1098,4556,3134246420,10700000,1928,50,16,682,181.73504638671875,2020-05-15,182.5894317626953,2020-05-22
JLI5rkTyJWI,40 ATALHOS do WINDOWS 10 para você virar um EXPERT no SISTEMA OPERACIONAL,UCb2vlvWWwJP9YquvIV3NhpQ,Mundo Conectado,2020-10-17,160055,16303,158,382,10324227,117000,451,32,4,210,219.08642578125,2020-10-16,215.66537475585938,2020-10-23
OHCn7esHlQg,TRUQUES DO WINDOWS 10 que você talvez não conheça!,UCb2vlvWWwJP9YquvIV3NhpQ,Mundo Conectado,2020-06-27,74258,5024,74,165,10324227,117000,451,20,2,66,195.3451232910156,2020-06-26,205.22531127929688,2020-07-02
nVy4GAtkh7Q,"Setting up the perfect Windows 10 Installation | Faster, Lighter, and Functional",UCg6gPGh8HU2U01vaFCAsvmQ,Chris Titus Tech,2019-04-06,1270308,34830,2862,2671,28653329,248000,594,100,25,66,117.40396118164062,2019-04-05,118.44196319580078,2019-04-12
dO30OnTsJhk,Speed up Windows 10 with One Command,UCg6gPGh8HU2U01vaFCAsvmQ,Chris Titus Tech,2020-10-24,321004,16369,551,2090,28653329,248000,594,444,124,357,215.66537475585938,2020-10-23,201.9413146972656,2020-10-30
DCxVYb6Cj0U,Ускорение и оптимизация Windows 10 2004,UCCYEcYDdem4Xx5O0c0G3wgA,Компьютерные курсы Евгения Юртаева,2020-07-01,192277,10062,210,614,22980546,249000,271,11,1,236,202.48910522460938,2020-06-30,207.205322265625,2020-07-07
EPb4NF_T80s,Windows 10 20h2 Что нового в версии October 2020?,UCCYEcYDdem4Xx5O0c0G3wgA,Компьютерные курсы Евгения Юртаева,2020-10-26,56743,5398,164,521,22980546,249000,271,6,0,275,215.66537475585938,2020-10-23,201.9413146972656,2020-10-30
ZZt0ijE8HdY,شرح تحميل و تثبيت ويندوز 10 الأصلية (نسخة أصلية) بالتفصيل + عمل فورمات واعادة تقسيم الهارد,UC6NVrqrnd0YOUkZYAa3__Uw,احمد الجرنوسي Elgarnosy,2018-09-22,1114191,30419,1138,1934,91410638,962000,848,2,0,109,110.93563079833984,2018-09-21,111.04242706298828,2018-09-28
FqbzGW8o6Hw,7 أسباب ستجعلك تغير رأيك في إستخدام Windows10 !,UC6NVrqrnd0YOUkZYAa3__Uw,احمد الجرنوسي Elgarnosy,2017-12-15,436178,16139,563,1224,91410638,962000,848,11,4,309,81.17591857910156,2017-12-14,81.95230865478516,2017-12-21
vZxiI7AUUwg,"Установится ли Windows 10 на старый ПК 1998 года, спустя 20 лет? Часть 1",UCLf3xbgb3qAVExQqF6YpXOg,Ramtech,2020-07-24,1072611,34356,1558,3940,14084326,61500,175,3,2,114,201.5239715576172,2020-07-23,202.8771514892578,2020-07-30
E1Z2ZLMpmfk,Personalizzare Windows 10 in modo PERFETTO! (Clean Setup) - Ecco come ho fatto! [ITA],UC9pIBfN8yHbw6WRzvRlFLKA,FeDeTutorial,2018-01-08,1047008,26169,1073,2199,32980092,321000,266,21,8,206,84.53070068359375,2018-01-05,85.88218688964844,2018-01-12
sLvOTFIHCG4,16 Trucchi UTILI per il tuo PC! (Windows 10) [ITA],UC9pIBfN8yHbw6WRzvRlFLKA,FeDeTutorial,2018-03-03,164675,7855,112,620,32980092,321000,266,27,4,199,89.6080093383789,2018-03-02,92.96888732910156,2018-03-09
NNC-Xl844s8,La Personalizzazione PERFETTA per Windows 10 - NORD (Dark Blu e Minimal) (2020),UC9pIBfN8yHbw6WRzvRlFLKA,FeDeTutorial,2020-11-12,74904,3965,37,504,32980092,321000,266,33,13,295,215.9845428466797,2020-11-11,211.0800018310547,2020-11-18
RX160bcMFuA,Windows 10 Tips &amp; Tricks You Should Be Using! 2020,UCaSM4GqhbaVmRT7fmmFmR1w,TechGumbo,2020-03-20,997529,27920,665,767,158723585,1000000,311,128,19,86,141.59974670410156,2020-03-19,154.89549255371094,2020-03-26
H5YnJ3EEojo,How to Clear Windows 10 Cache to Improve Performance!,UCaSM4GqhbaVmRT7fmmFmR1w,TechGumbo,2020-09-04,136603,5749,93,153,158723585,1000000,311,54,9,17,216.7325897216797,2020-09-03,204.83372497558597,2020-09-10
bSoOeMD7hwo,"11 versteckte Windows 10 Tricks, die ihr kennen MÜSST!",UCxzAgP3LiHKki4OAy0le9sw,WindowsArea.de,2019-07-03,960028,15618,1036,972,7880091,44700,385,20,4,73,134.24293518066406,2019-07-02,134.12501525878906,2019-07-09
rmzZcjZ7IN8,Windows 10 Mai 2020 Update NEUERUNGEN - Alle Funktionen &amp; Änderungen im Überblick (Version 2004),UCxzAgP3LiHKki4OAy0le9sw,WindowsArea.de,2020-03-21,174396,2263,237,488,7880091,44700,385,31,6,134,136.28143310546878,2020-03-20,148.5353546142578,2020-03-27
jaEwp8peONM,Windows 10 schneller machen: Die wichtigsten Tipps &amp; Tricks,UCxzAgP3LiHKki4OAy0le9sw,WindowsArea.de,2020-07-17,77948,1805,59,208,7880091,44700,385,8,3,53,202.8970489501953,2020-07-16,201.5239715576172,2020-07-23
4c_q9mtaw5Y,"5 Tools, die Windows 10 besser machen",UCxzAgP3LiHKki4OAy0le9sw,WindowsArea.de,2020-05-15,59736,2069,66,135,7880091,44700,385,8,3,54,179.12551879882812,2020-05-14,182.5098419189453,2020-05-21
lznxClBzyL8,Windows 10 Oktober 2020 Update: Alle Neuerungen im Überblick,UCxzAgP3LiHKki4OAy0le9sw,WindowsArea.de,2020-10-11,51016,1317,54,277,7880091,44700,385,27,2,61,215.24647521972656,2020-10-09,219.08642578125,2020-10-16
GaaAC8y7TzQ,Adım adım USB&#39;den Windows 10 Kurulum Rehberi!,UCzNu79N8Lq1wUY52MkhWKSA,ShiftDelete.Net,2019-11-15,948382,11919,639,2374,494074612,1420000,5840,8,2,105,146.0111083984375,2019-11-14,147.9130401611328,2019-11-21
Zm3Cb9RYF9k,"1.899 TL&#39;lik Windows&#39;u 16 TL&#39;ye satıyorlardı, denedik! 🧐",UCzNu79N8Lq1wUY52MkhWKSA,ShiftDelete.Net,2020-06-13,593280,18138,690,2677,494074612,1420000,5840,82,6,427,186.7982177734375,2020-06-12,194.1710357666016,2020-06-19
arZHYTJfB0k,Prueba YA el NUEVO WINDOWS 2020,UC8ootkKAbJC9bABoRcQf0Kw,TuTecnoMundo,2020-09-24,963695,36608,1055,2025,181534139,2500000,513,66,31,794,200.0662078857422,2020-09-23,209.78077697753903,2020-09-30
WuFr-XRIDb4,CÓMO ACTUALIZAR tu PC GRATIS de WINDOWS 7 a WINDOWS 10 | XTK Basics,UCUrYBZGlEOSD1_ds_HcNd6A,Xataka TV,2020-01-14,917055,13651,662,1949,218530955,765000,3046,5,5,107,161.5684051513672,2020-01-13,165.34835815429688,2020-01-17
FH1DcL1pqn4,WINDOWS 10: ACTUALIZACIÓN de mayo 2020 - Cómo descargarla y principales NOVEDADES,UCUrYBZGlEOSD1_ds_HcNd6A,Xataka TV,2020-05-29,164263,3497,132,420,218530955,765000,3046,11,6,162,180.49002075195312,2020-05-28,182.0023956298828,2020-06-04
t6yQwLuoO3w,How to use Free Windows 10 Video Editor,UCfJT_eYDTmDE-ovKaxVE1ig,Kevin Stratvert,2020-08-14,349344,13788,230,1442,46048954,430000,345,257,31,129,207.65306091308597,2020-08-13,214.01968383789062,2020-08-20
lMFZ9N58kMk,Top 20 Windows 10 Tips &amp; Tricks,UCfJT_eYDTmDE-ovKaxVE1ig,Kevin Stratvert,2020-10-13,90621,3269,42,480,46048954,430000,345,120,13,160,220.8218688964844,2020-10-12,213.6606292724609,2020-10-19
SoI3jSR3_7g,Майнкрафт Джава или Minecraft Windows 10 | Майнкрафт открытия,UCP_oaaQqr3r0jlxeHh_vE9A,Nerkin,2018-12-10,883540,27979,1281,5631,398877829,1840000,1016,1,0,67,102.2099380493164,2018-12-07,103.38980865478516,2018-12-14
KrerZQILqJs,TRANSFORMEI O MUNDO MINECRAFT DO FELIPE PRA RTX/WINDOWS 10 EDITION! FICOU LINDO!,UC28NhCvMistzR3YxZ9TqSEQ,Bruno Correa,2020-08-21,866265,65084,1546,1778,619144260,7150000,1128,50,6,1002,214.01968383789062,2020-08-20,225.9883575439453,2020-08-27
vHS_3qi0kXg,Complete Guide — Installing Windows 10 on a New PC Build — Tech Deals,UCCss3QxegBkF8BAetIo0qXA,Tech Deals,2019-03-12,818918,17611,549,1584,76365927,476000,1655,138,29,58,110.49034881591795,2019-03-11,115.13204956054688,2019-03-18
vGN4aXCuGuU,Upgrade to Windows 10 for free (especially from Windows 7),UCVy-vHKZkh1vlLHWp955qww,How To Do It All,2020-02-10,812532,9330,469,1690,8444215,54900,142,43,9,26,181.9623565673828,2020-02-07,183.4070587158203,2020-02-14
Dls_oaC2BlM,Обзор Windows 10 May 2020 Update — обновляемся (и как поставить),UCDF_NIAEkcAUvzxe1DUzaQA,Rozetked,2020-05-25,803165,32282,1590,1872,287323978,1240000,905,32,9,818,182.5894317626953,2020-05-22,182.33074951171875,2020-05-29
97YHvBUohhc,ТЕСТ: Какой Windows ЛУЧШЕ для игр и работы? Самый быстрый Windows🚀,UC3u4lhkrk_u9FVnhb1Anmeg,ПК без проблем,2020-05-18,793385,37795,1589,4541,21811037,139000,301,7,0,56,181.73504638671875,2020-05-15,182.5894317626953,2020-05-22
5mhqHNufFr0,23+ FITUR BARU KEREN di Windows 10 May 2019 Update!,UCMbj5wPCBvGALjVnsWKcrIA,Kepoin Tekno,2019-05-29,210177,4157,136,992,55541266,428000,586,51,12,283,124.0012664794922,2019-05-28,121.0525894165039,2019-06-04
MBnSzhR_bGE,Cual es el Mejor Windows 10 Pro o Windows 10 Home / El Mas Rapido / Rendimiento / Diferencias,UCB20QSVDN3E2eEyJ28kx6og,Mazthertutoriales,2018-07-19,751548,10748,776,1917,80603688,346000,885,23,4,253,101.67029571533205,2018-07-18,107.19290924072266,2018-07-25
_1T-MQyP__Q,Nuevo Windows 10 MiniOS 2020 / PRO v2020.06 / El Mejor Rendimiento⚡,UCB20QSVDN3E2eEyJ28kx6og,Mazthertutoriales,2020-06-08,248432,6626,280,2057,80603688,346000,885,54,22,381,186.26092529296875,2020-06-05,186.7982177734375,2020-06-12
ka5TD8WVKJU,⚡ Windows 10 se Congela o se Traba 🥶 / PC NO RESPONDE 🤬 / SOLUCION,UCB20QSVDN3E2eEyJ28kx6og,Mazthertutoriales,2020-07-28,129505,2864,392,466,80603688,346000,885,4,4,58,202.8274078369141,2020-07-27,215.4537506103516,2020-08-03
XI9cRbYvN5M,Difference Between Windows 7 or Windows 8.1 and Windows 10 | What is Best?,UCnsEsbJ0_1LnPu4uy1P_n_A,Jagat Gyan,2020-03-27,479876,12688,1456,2029,24147385,282000,218,34,6,38,154.89549255371094,2020-03-26,154.05210876464844,2020-04-02
pVx91NfvLto,Create Stylish Windows 10 with these Tools and Tricks | Hindi,UCnsEsbJ0_1LnPu4uy1P_n_A,Jagat Gyan,2020-09-17,260504,11305,515,1000,24147385,282000,218,209,54,339,204.5145721435547,2020-09-16,200.0662078857422,2020-09-23
pgt5UOX6p50,Windows 10 October 2020 Update | Review &amp; Download in Hindi,UCnsEsbJ0_1LnPu4uy1P_n_A,Jagat Gyan,2020-11-05,53644,2806,76,537,24147385,282000,218,94,37,196,215.824951171875,2020-11-04,215.9845428466797,2020-11-11
3lEjuU-XFHg,Sets in Windows 10,UCVGOyzms_XJNk_DHqrffXCw,Windows,2017-11-28,699654,5606,370,795,81329841,725000,475,264,42,149,80.38994598388672,2017-11-27,77.7157211303711,2017-12-04
bD0jywkYCOI,Introducing the Windows 10 October 2020 Update,UCVGOyzms_XJNk_DHqrffXCw,Windows,2020-10-20,339733,8151,451,1551,81329841,725000,475,284,96,276,213.6606292724609,2020-10-19,209.53143310546875,2020-10-26
duYxNbt4LcE,Tanpa Editing! Beginilah Proses Pembuatan Wallpaper Windows 10 yang Menggunakan Jendela Beneran!,UClEZXxVmQTI5o-ZFT_HDXvA,MAQ,2020-09-30,586320,24012,1094,2494,626028882,4230000,747,66,20,960,206.7187957763672,2020-09-29,205.3723297119141,2020-10-06
ctdy8TUgfe0,"A VERDADE SOBRE KEYS DO WINDOWS 10 POR R$ 19, DÁ PRA CONFIAR?",UCbK5Us4E-HsXw6fQ1PYUuog,MW Informática,2019-12-24,585272,44510,874,4739,93265691,824000,819,18,1,71,155.75994873046875,2019-12-23,155.93804931640625,2019-12-30
GZy0siazLzM,"O TAL WINDOWS 10 HOME LITE MODIFICADO, REALMENTE É MAIS LEVE",UCbK5Us4E-HsXw6fQ1PYUuog,MW Informática,2020-01-23,517854,35066,527,2888,93265691,824000,819,37,4,319,163.96304321289062,2020-01-22,166.27850341796875,2020-01-29
kMG0TGy9x4Q,QUAL É A VERSÃO DE WINDOWS 10 QUE MAIS DÁ FPS E DESEMPENHO?,UCbK5Us4E-HsXw6fQ1PYUuog,MW Informática,2020-02-14,108495,7989,106,731,93265691,824000,819,39,9,232,181.7842712402344,2020-02-13,182.9852294921875,2020-02-20
hnsSuJa871g,ДЕЛАЕМ WINDOWS 10 КРАСИВЕЕ | Оформление без программ | May 2020 Update ✨,UCSsgTHh7k-EiFxR3xu27X_w,OfficialBRO,2020-06-08,582216,33176,1636,1820,12580226,157000,92,23,3,867,186.26092529296875,2020-06-05,186.7982177734375,2020-06-12
8mb4UpB6Tu8,ДЕЛАЕМ КРАСИВЫЙ И ПРОСТОЙ WINDOWS 10 + Конкурс 🎁,UCSsgTHh7k-EiFxR3xu27X_w,OfficialBRO,2020-10-03,259080,18424,930,1160,12580226,157000,92,17,7,776,205.65159606933597,2020-10-02,215.24647521972656,2020-10-09
j5AmFYTPnQ8,ДЕЛАЕМ КРАСИВЫЙ WINDOWS 10┃macOS BigSur + Pixel┃October 2020 Update ✨,UCSsgTHh7k-EiFxR3xu27X_w,OfficialBRO,2020-11-13,121366,11748,388,1075,12580226,157000,92,13,3,817,214.87744140625,2020-11-12,212.4199981689453,2020-11-19
g7Ng6ymCvVc,Новое меню «Пуск» в Windows 10┃Оформление Пуска 📒,UCSsgTHh7k-EiFxR3xu27X_w,OfficialBRO,2020-08-28,103525,6484,226,392,12580226,157000,92,12,1,250,225.9883575439453,2020-08-27,216.7325897216797,2020-09-03
gmuVeh8zv7Y,10 New Features in October 2020 Update | Windows 10 20H2,UCkBhnZIarJT-bOtptarL_wA,WindowsChimp,2020-10-25,65047,1084,92,227,7229121,31000,221,41,22,24,215.66537475585938,2020-10-23,201.9413146972656,2020-10-30
x27ebzuQcHM,¡Creando MI PROPIO Windows 10 Super Ligero! ft. Lowspecgamer,UC36xmz34q02JYaZYKrMwXng,Nate Gentile,2020-10-28,572107,61575,708,4303,146073201,1470000,311,102,32,877,212.6931610107422,2020-10-27,205.89096069335938,2020-11-03
xdDNWxTppVk,Czy za nielegalnego Windowsa mogą Cię zamknąć? | Windows Home vs Pro,UCw5LLRR_2lv97Mfwmiy-q2Q,Ziemniak,2018-12-23,543540,18353,1573,1932,162048725,890000,674,158,14,574,95.78402709960938,2018-12-21,97.89025115966795,2018-12-28
wVRjy1ihscA,"Windows 10 installieren 2020!! - mit USB, Key + Einrichten, Treibern",UCHj7VElFb0_sxhI5KHduM7A,HardwareDealz,2019-05-11,534968,16121,249,1862,44674795,413000,250,62,5,251,124.49382781982422,2019-05-10,125.87857818603516,2019-05-17
FHDQMCWDXfw,How To Make Your Computer Faster And Speed Up Your Windows 10 PC in 2020!,UCrqy8sEdUgTwx7rpRtD9rlg,Ziovo,2020-03-31,535429,14107,474,1395,55714540,422000,329,33,9,25,158.9834442138672,2020-03-30,163.98423767089844,2020-04-06
VPQmIceszjk,IL MIO NUOVO PC WINDOWS 10!,UCz-KJn98sMCPW5kjG0ZnE-Q,Jakidale,2019-05-16,519388,18293,367,514,424306812,1490000,1056,5,2,238,123.8636474609375,2019-05-15,125.48541259765624,2019-05-22
0DjT9HsavrQ,How to Optimize Windows 10 For GAMING &amp; Performance in 2020!,UCjidjWX76LR1g5yx18NSrLA,Adamx,2020-04-15,519201,17966,627,2051,4470259,49100,72,194,53,275,172.3486328125,2020-04-14,166.514404296875,2020-04-21
QpudaicfzzM,Minecraft with RTX for Windows 10 Beta Pack #2,UC1sELGmy5jp5fQUugmuYlXQ,Minecraft,2020-05-15,513210,20748,349,2735,1096669791,6340000,502,274,82,584,179.12551879882812,2020-05-14,182.5098419189453,2020-05-21
iHMOfaOMzBU,Minecraft with RTX for Windows 10 Beta Pack #3,UC1sELGmy5jp5fQUugmuYlXQ,Minecraft,2020-09-01,492018,24084,358,3186,1096669791,6340000,502,319,88,650,224.9410858154297,2020-08-31,213.6905517578125,2020-09-04
ax01e4djxHU,ДЕЛАЕМ WINDOWS 10 КРАСИВЕЕ И УДОБНЕЕ | Топ ЛУЧШИХ программ и настроек для прокачки ПК,UCte_f4q6KbaibiXzJ7JwV-g,FISPECKT,2020-06-25,506625,47025,1209,3075,41629355,527000,61,36,4,771,196.84754943847656,2020-06-24,203.6731414794922,2020-07-01
hd3SBO7nlbE,كيف تخفف وتضبط اعدادات windows 10 لتحصل على افضل اداء /خطوات مهمة بعد الفورمات !,UCNR623NFV3DbWpPTrA8cI_A,سنكرة SANKARA,2020-05-30,492458,43532,655,2094,41133677,357000,245,26,11,739,182.33074951171875,2020-05-29,186.26092529296875,2020-06-05
O9ychHR-2DI,"Jak zainstalować Windows 10✅Czysta, świeża instalacja systemu z pendrive [Formatowanie, 32 na 64bit]",UCpcpLkGxmT2kln46R0enOZw,TechManiacHD,2020-02-22,395957,8732,228,2137,9120811,65300,151,37,4,101,177.2006072998047,2020-02-21,160.7495880126953,2020-02-28
qaIljpJ7dZI,Jak zdobyć klucz aktywacji Windows 10 PRO? 🔥,UCpcpLkGxmT2kln46R0enOZw,TechManiacHD,2019-03-19,311427,11875,668,1078,9120811,65300,151,30,4,98,115.13204956054688,2019-03-18,115.22020721435548,2019-03-25
x5MhydijWmc,How to Install Ubuntu 20.04 LTS on VirtualBox in Windows 10,UCs6nmQViDpUw0nuIx9c_WvA,ProgrammingKnowledge,2020-04-25,480054,7886,183,1000,193008587,1300000,2486,30,7,18,173.19203186035156,2020-04-24,173.21189880371094,2020-05-01
aUniGISO_lo,8 New Exciting Windows 10 Features!,UCvpfclapgcuJo0M_x65pfRw,Beebom,2019-12-11,430284,13348,718,792,286091785,2110000,577,188,54,224,149.54579162597656,2019-12-10,153.06845092773438,2019-12-17
vIE_nwpeYP4,Windows 10 October 2020 Update: 5 biggest changes,UCDC1Pas1aocEA5HBl7jp0ew,PCWorld,2020-09-28,419924,5791,267,876,56750377,241000,1906,177,81,135,207.27734375,2020-09-25,205.65159606933597,2020-10-02
do06MPWf9E4,Uncover Windows 10 Most Useful Features Today,UCJtUOos_MwJa_Ewii-R3cJA,Leila Gharani,2020-04-02,419799,18628,298,1293,42705236,616000,247,402,20,103,150.92662048339844,2020-04-01,163.84530639648438,2020-04-08
IvrNnVFT694,FreeDOS Yüklü Bilgisayara Windows 10 Kurulumu,UC-gs6ml23jQKvLC86LzpQ0g,Technopat,2020-06-13,423581,9814,183,1202,170372315,581000,2951,82,8,376,186.7982177734375,2020-06-12,194.1710357666016,2020-06-19
0aVlqo0rUCg,"НЕРЕАЛЬНЫЕ ФИЧИ WINDOWS, КОТОРЫМИ НИКТО НЕ ПОЛЬЗУЕТСЯ!",UC1qWaT8_iPHSBYgB4T2ltuA,"Ай, Как Просто!",2019-05-01,411223,43853,2784,1481,117573819,1040000,319,51,3,754,127.89188385009766,2019-04-30,122.91719818115234,2019-05-07
k9oQCXF8JUw,KAKO INSTALIRATI WINDOWS 10 (2019),UC8GI5pTnHATgRK6vgWhu_-A,Cile ST,2019-01-02,407564,9776,223,1362,132247919,472000,1760,62,18,322,99.04086303710938,2018-12-31,100.240234375,2019-01-08
VkYLgEJ-x9Q,30 Ultimate Windows 10 Tips and Tricks for 2020,UCxNXNvi-lspIjVHa-wuLabA,Sele Training,2020-05-05,410678,6861,146,436,17662130,213000,92,62,4,21,177.44863891601562,2020-05-04,185.2872009277344,2020-05-11
0wNlmqqpZBI,Install Original Windows 10 For Free On Any Pc/Laptop!(Tamil/தமிழ்)|Geekytamizha,UCZj7TPWYy-bxVoFukc3V2zQ,Geekytamizha,2018-05-08,376234,7998,312,1539,22054868,264000,916,23,4,30,92.66072845458984,2018-05-07,94.4037857055664,2018-05-14
WEK7ECJ0bUQ,【小羊菌】Windows10正版序號只要500塊為什麼不見了？微軟做了這件事....,UCNgf_uO1ffcm-FOwH-a-1Nw,小羊菌,2018-12-27,339363,2928,1258,543,8684353,80900,139,2,1,225,98.05601501464844,2018-12-26,98.60206604003906,2019-01-02
6cUTV-h39To,How To Install Windows 10 using USB Flash Drive/Pendrive (Full Step-By-Step Guide),UCmfxCkGuDh1GCw0VH47laqw,ModxTech,2019-12-28,308806,6075,495,583,11547118,124000,275,22,4,33,157.29368591308594,2019-12-27,156.95726013183594,2020-01-03
-gGRiI0Bkk0,Cum sa instalezi Windows 10 PAS cu PAS | Tutorial CEL.ro,UC3vxBxz3JJWDHhRTXTi-XJw,CEL.ro,2019-03-17,296908,7482,360,375,74318651,385000,642,7,0,56,113.50648498535156,2019-03-15,114.62283325195312,2019-03-22
oKP6gA6u_H4,"Zmieniamy Windows 10 w Windowsa 7, XP i MacOS prostymi sztuczkami",UC90BoNcD4sBLNr6isweUExQ,Komputer Świat,2020-01-23,293259,7029,301,686,22927394,74500,1445,35,5,156,163.96304321289062,2020-01-22,166.27850341796875,2020-01-29
Ij_CZlKZz24,İnternette 58 TL&#39;ye Satılan OEM Windows 10 Kodları Alınır mı? (Test ETTİK),UCmP6XhB2emGUdi9RVteB4aQ,PC Hocası TV,2019-01-06,291463,7617,273,1937,40552895,326000,649,84,4,629,99.39189910888672,2019-01-04,100.240234375,2019-01-11
R2SfgtTA0hc,Create your own Custom Windows 10 lite edition!,UCQkd05iAYed2-LOmhjzDG6g,LowSpecGamer,2020-05-21,292502,13375,207,1134,86675976,794000,319,253,68,252,184.7286529541016,2020-05-20,180.89796447753903,2020-05-27
siHezfz4bmY,FreeDos&#39;lu Monster Notebook&#39;a Windows 10&#39;u Nasıl Kurabilirim?,UCft-BJPaA0eiv4lG7DDmzJg,Monster Notebook,2020-05-22,293513,5497,127,1767,15886128,39900,334,11,6,137,182.5098419189453,2020-05-21,180.49002075195312,2020-05-28
Ht-zQ-IYeoo,"20만원짜리 윈도우 1,500원에 판다고? 사도 될까? Window 10",UC0sQEECROLZ_UtPTOI_Vpvw,려독,2020-05-11,269029,2624,192,805,5356736,24000,389,0,0,160,183.2432098388672,2020-05-08,181.73504638671875,2020-05-15
ABY7w3kJiJ4,Kako instalirati legalan Windows 10 PRO,UCMP3-OuUG4AAvivyXlEOLVQ,Vesic,2018-10-15,263166,7106,265,604,105726337,336000,708,54,15,215,106.38208770751952,2018-10-12,105.49856567382812,2018-10-19
CWy99VMFsMM,Windows 10 la 30 de lei! Cum este posibil?,UCCUnAfa_A5XR5NyoPgErmlg,Zona IT,2019-08-29,260337,10319,222,1141,38787254,233000,2309,244,13,393,133.68408203125,2019-08-28,135.72544860839844,2019-09-04
bDgUFNdfa-A,A fost mai bun Windows 7 decat este Windows 10?,UCCUnAfa_A5XR5NyoPgErmlg,Zona IT,2020-01-14,112423,8032,87,1632,38787254,233000,2309,297,46,610,161.5684051513672,2020-01-13,165.34835815429688,2020-01-17
jjt_nDIZI0Q,Tanie Klucze Windows 10 - Dlaczego Robią Was w Ch***?😡,UCDkY9dx_ilN3tUlBhaWJLMw,VideoTesty,2018-07-23,233976,3095,1945,949,90662271,216000,3534,42,8,165,102.78255462646484,2018-07-20,104.14627838134766,2018-07-27
AQPRPEPqwZU,POURQUOI Y A T-IL PLUSIEURS ÉDITIONS DE WINDOWS 10 ?,UCRhyS_ylPQ5GWBl1lK92ftA,Léo - TechMaker,2019-09-04,224588,15575,332,1593,64267798,564000,324,121,28,640,134.15745544433594,2019-09-03,134.1968994140625,2019-09-10
c_n1RnodKjs,✅DESCARGAR WINDOWS 10 Original | 64 bits y 32 bits | PRO y HOME | USB y DVD 2020,UCKilDtv4L7WWRq6rTvfwvIg,Patrick,2020-05-10,223374,5856,283,714,43015981,612000,405,12,10,212,183.2432098388672,2020-05-08,181.73504638671875,2020-05-15
n1AXJjpM0L8,Windows 10 Desktop on a Raspberry Pi 4!!!,UCRjSO-juFtngAeJGJRMdIZw,Gary Explains,2020-07-20,220157,4032,122,592,15579345,189000,295,76,17,60,201.86227416992188,2020-07-17,200.2902069091797,2020-07-24
_SdSeJEcXm4,Meilleurs Logiciels Windows 10 GRATUITS et Super Pratiques,UCN17O9A0wKJVHZjewWDm8lA,DIKSOR,2020-04-03,211251,7339,184,489,13565669,143000,64,70,9,190,154.05210876464844,2020-04-02,163.85523986816406,2020-04-09
bm3mLBJWBhc,We CALLED Microsoft to Check if $12 Windows 10 PRO Keys are LEGIT...,UC9Tn-atYOt8qZP-oqui7bhw,Tech YES City,2020-11-24,221808,6489,244,1547,105210486,470000,1350,501,148,327,210.1100006103516,2020-11-23,214.07000732421875,2020-11-30
FS6GRiIOoCk,How to Repair Windows 10 Using Command Prompt,UC_M-iWYpQbgo4rK1YfewI5w,Britec09,2019-12-29,210795,4077,128,367,194051537,561000,2171,47,14,23,157.29368591308594,2019-12-27,156.95726013183594,2020-01-03
dYVnBw2p8cE,Превращаем Windows 10 в Windows X | ПРОГРАММЫ И УТИЛИТЫ ДЛЯ ПК,UC7f5bVxWsm3jlZIPDzOMcAg,Хауди Хо™ - Просто о мире IT!,2020-11-15,215976,27369,1302,1889,111589260,1410000,310,33,20,1047,215.94464111328125,2020-11-13,210.38999938964844,2020-11-20
42desNbe_Qw,САМЫЙ КРАСИВЫЙ WINDOWS 10 | Подборка программ,UC7f5bVxWsm3jlZIPDzOMcAg,Хауди Хо™ - Просто о мире IT!,2020-07-13,186303,16057,825,950,111589260,1410000,310,27,2,633,212.59814453125,2020-07-10,201.86227416992188,2020-07-17
hwdzzPmVeE4,Installing Windows 10 on a videocard,UCWb-66XSFCV5vgKEbl22R6Q,Enderman,2020-10-19,209157,9014,222,2817,28340508,124000,300,177,67,772,219.08642578125,2020-10-16,215.66537475585938,2020-10-23
4JSo0dnXdrQ,Cum instalezi Windows 10 - TUTORIAL -  Cavaleria.ro,UCzfaZDsef1ZfqcGMR7sNQ-w,Cavaleria.ro,2020-06-04,208956,10640,150,699,87943442,401000,1937,62,13,180,184.4301605224609,2020-06-03,195.8525695800781,2020-06-10
UkQPEw4DgcU,Cum faci Windows 10 mai rapid! Gratis! - Cavaleria.ro,UCzfaZDsef1ZfqcGMR7sNQ-w,Cavaleria.ro,2020-05-05,196583,14171,220,584,87943442,401000,1937,92,4,253,177.44863891601562,2020-05-04,185.2872009277344,2020-05-11
P-5FYwJz22g,De ce Windows 10 este GRATUIT - Cavaleria.ro,UCzfaZDsef1ZfqcGMR7sNQ-w,Cavaleria.ro,2020-08-23,53193,7844,220,283,87943442,401000,1937,37,4,124,212.46376037597656,2020-08-21,228.3122711181641,2020-08-28
EtlB4rWZh4Q,"10 НАСТРОЕК Windows 10, которые стоит сразу изменить",UCQ5MCWTRLA1_K6H71f3zsFQ,Годно о технике,2020-01-30,195427,5742,493,226,80642174,695000,2330,3,0,71,166.27850341796875,2020-01-29,178.01419067382812,2020-02-05
JiLAwFpBap8,10 SKRYTÝCH FUNKCÍ VE WINDOWSU!,UC4Gumj80pOghE8G7xq4Yxjg,FIZIstyle,2017-10-06,189328,8278,765,770,291644023,595000,272,64,8,214,72.4538803100586,2017-10-05,73.5506362915039,2017-10-12
TMdC6fg5dDc,Windows 10 👉 bitte nicht 5x auf &quot;Windows&quot; klicken 🤨,UCCXFKQimXJEC-E2evTDwT9g,Tuhl Teim DE,2020-10-02,190908,6013,323,692,43507615,129000,705,60,8,226,211.9052276611328,2020-10-01,210.03013610839844,2020-10-08
DnMjbeOyXFQ,Besser nicht installieren 😕 Windows10 Update 20H2,UCCXFKQimXJEC-E2evTDwT9g,Tuhl Teim DE,2020-11-03,54592,2403,270,626,43507615,129000,705,50,13,228,201.8016662597656,2020-11-02,217.8197326660156,2020-11-09
HSfK-Xz2x7Q,Installer Windows 10 facilement ! (Clé usb),UCuE3ei3NOnVjQUefjHUCF5Q,DiscoverID,2019-12-11,188436,8403,80,642,20402585,231000,212,17,5,103,149.54579162597656,2019-12-10,153.06845092773438,2019-12-17
_oIlLkSi5ZQ,INSTALLER WINDOWS 10 AVEC UNE CLÉ USB + PILOTES (2020),UCwWgvJHw1mNRq_ry6VoPKEg,Yada,2019-12-29,183640,5147,125,640,11592626,125000,245,12,1,79,157.29368591308594,2019-12-27,156.95726013183594,2020-01-03
c9gGIku_i-w,"Windows 10 Build 20236 - Meet Now, 10X OOBE, Settings, UI Tweaks + MORE",UCDMnCGlkv4gyFGZo_ZT3atg,Windows Central,2020-10-14,181386,5371,161,812,105024220,419000,3341,144,55,94,222.27806091308597,2020-10-13,214.0894927978516,2020-10-20
uZC2gPefm8E,First Look: Making phone calls using Your Phone on Windows 10,UCDMnCGlkv4gyFGZo_ZT3atg,Windows Central,2019-09-09,129992,2100,121,261,105024220,419000,3341,44,12,47,137.17510986328122,2019-09-06,135.41973876953122,2019-09-13
7S8t0XGkuhs,สอนลง windows 10 ใหม่ล่าสุด 2020 การลงวินโดว์ 10 ผ่าน usb แท้! ฟรี! (อัพเดทV1909) l ครูหนึ่งสอนดี,UCpYwQZfu9E7DZHcgtcPnMbw,ครูหนึ่งสอนดี kru1d,2020-03-21,174283,3705,56,874,35059434,505000,626,2,1,91,136.28143310546878,2020-03-20,148.5353546142578,2020-03-27
KpEb8M23LsU,Why Do so Many People Hate Windows 10?,UCQSpnDG3YsFNf5-qHocF-WQ,ThioJoe,2020-01-22,170929,6811,539,3153,325170636,2590000,824,300,152,184,164.75465393066406,2020-01-21,163.72555541992188,2020-01-28
HIFOHMxq7mc,Windows 10 Major &quot;October Update&quot; - Biggest New Changes! (2020),UCQSpnDG3YsFNf5-qHocF-WQ,ThioJoe,2020-10-24,143120,7408,266,866,325170636,2590000,824,209,78,222,215.66537475585938,2020-10-23,201.9413146972656,2020-10-30
nDvjNYPcOd0,"NOVA ATUALIZAÇÃO do Windows 10 2004 OFICIAL, Atualize Agora o seu!",UCddVa_i8yri-wNyomMMUiXg,BPV,2020-05-27,158649,9858,173,792,101162909,900000,2251,37,4,329,180.6591796875,2020-05-26,183.982421875,2020-06-02
XRNRBRyjECk,JÁ ATUALIZOU para o Novo Windows 10 20H2? Então você PRECISA SABER dessas 3 Coisas!,UCddVa_i8yri-wNyomMMUiXg,BPV,2020-10-24,72888,3722,103,236,101162909,900000,2251,10,1,144,215.66537475585938,2020-10-23,201.9413146972656,2020-10-30
R5cxwwHJx4s,КРАСИВЫЙ И УДОБНЫЙ RGB WINDOWS 10! (Как оформить Windows максимально продуктивно и минималистично),UCStmmIwKJr07qtnklgzDtng,Флэм,2020-09-27,150341,10830,254,360,14773240,107000,106,4,2,142,207.27734375,2020-09-25,205.65159606933597,2020-10-02
B6i44l9jHNQ,COMO DESCARGAR E INSTALAR WINDOWS 10 GRATIS Y ORIGINAL POR USB BIOS 2020,UCQXyxH0_34ySUctyGHcIQiw,El Hornet,2020-03-02,146390,8883,91,1405,6368868,100000,479,10,1,105,160.7495880126953,2020-02-28,160.3130340576172,2020-03-06
MyqeF2vVGnY,Windows 10系统重大更新，免费升级免费激活方式！ 20H2 | 零度解说,UCvijahEyGtvMpmMHBu4FS2w,零度解说,2020-11-15,148613,2440,141,368,3820241,73900,73,2,1,208,215.94464111328125,2020-11-13,210.38999938964844,2020-11-20
JHf82bSGr-I,Windows 10 最值得安装的五款免费开源软件! | 零度解说,UCvijahEyGtvMpmMHBu4FS2w,零度解说,2020-11-23,55976,1450,48,133,3820241,73900,73,4,0,76,210.38999938964844,2020-11-20,215.22999572753903,2020-11-27
O-TdQDPkxbo,TUTO : INSTALLER WINDOWS 10 PAS CHER !,UCU8_onYYhNxwGUB3hA34C4Q,FrenchHardware,2019-07-30,143123,4690,128,943,36037494,336000,406,41,7,208,138.61680603027344,2019-07-29,129.94773864746094,2019-08-05
zEZbfww129k,Come ho reso WINDOWS 10 ELEGANTE e MINIMALE | Guida | Puntata 1,UCdufkvMrmyR1TMhDG8PhsJw,HDblog,2020-05-19,141801,4845,139,459,259530882,484000,5550,26,5,174,183.471435546875,2020-05-18,182.5894317626953,2020-05-22
kI1FeDvcSFU,Rock Pi X X86 SBC WIndows 10 Review - Is it Any Good?,UC_0CVCfC_3iuHqmyClu59Uw,ETA PRIME,2020-10-24,126621,3757,63,561,132383849,574000,1682,149,46,109,215.66537475585938,2020-10-23,201.9413146972656,2020-10-30
AC6vxB0r8Ps,Jak samemu zainstalować system windows 10 za darmo ?,UCjkS_ncvLa_OqhzPVIa3s8g,Sandra M,2020-03-29,118049,3527,154,809,3947959,27300,208,46,3,117,148.5353546142578,2020-03-27,152.63323974609375,2020-04-03
rn6cyiHl43c,HO INSTALLATO WINDOWS 10 SUL LAPTOP DI ORDISSIMO E AVVIATO MINECRAFT! *con finale tragico*,UCDhPiDSDgU3Rz0CVGC9Qwgw,Stockdroid,2020-11-29,121282,10369,144,1118,17636949,148000,398,65,9,772,215.22999572753903,2020-11-27,214.3600006103516,2020-12-04
Tukgxs9xIpQ,Novo menu Iniciar do Windows 10 é lançado! – TecMundo Drops,UCdmGjywrxeOPfC7vDllmSgQ,TecMundo,2020-10-23,100144,7181,99,411,695033250,3720000,6771,8,1,162,214.3288726806641,2020-10-22,204.1854248046875,2020-10-29
MAPcsU1Klt8,Do You Really Need an Antivirus in Windows 10??,UCbhZ9mHpd_4dMT7bSqjixQQ,Utsav Techie,2020-08-27,99932,5479,318,554,91033953,508000,1229,106,19,166,220.5725250244141,2020-08-26,231.04510498046875,2020-09-02
nYTow1-qp-E,10 Coisas que CONFIGURO no MEU Windows 10,UCEf5U1dB5a2e2S-XUlnhxSA,Diolinux,2020-09-06,93285,8055,189,521,61981711,451000,1652,35,10,207,213.6905517578125,2020-09-04,203.4972381591797,2020-09-11
jHwcaKjiDts,Key Windows 10 Pro Hanya $12!!! [ Tutorial Membeli &amp; Aktivasi nya! ],UC-Tk9BPw9R_YuFBzgfuhTcg,Kudet Tech,2018-09-01,88878,2499,115,446,18544039,188000,232,16,4,129,109.06178283691406,2018-08-31,105.06165313720705,2018-09-07
eObdJKzhB0Q,Εγκατάσταση Windows 10 σε Νέο Υπολογιστή,UCz8QOKvQ0WW476fCehHiS1A,PCsteps.gr,2020-03-19,90076,4853,62,553,17685448,142000,308,9,1,110,139.30772399902344,2020-03-18,145.77699279785156,2020-03-25
qElLHQd3MMY,Πώς Κάνω ΔΩΡΕΑΝ Αναβάθμιση Σε Windows 10 Από Windows 7 / 8.1 | Αναλυτικές Οδηγίες Για Αρχάριους,UCz8QOKvQ0WW476fCehHiS1A,PCsteps.gr,2020-02-13,76961,2542,61,510,17685448,142000,308,12,4,109,182.77377319335938,2020-02-12,185.822998046875,2020-02-19
wPJfFANr2RI,Απαραίτητες Ρυθμίσεις Windows 10 Μετά το Format,UCz8QOKvQ0WW476fCehHiS1A,PCsteps.gr,2020-04-14,55693,3901,51,241,17685448,142000,308,16,2,130,164.22235107421875,2020-04-13,173.6980743408203,2020-04-20
zegVevzqlm8,How To Download And Install Free Fire In Windows | windows 10 laptop me freefire kaise download kare,UCyl73tS3I6Hzhu8uNVzMfWg,TECHNICAL TOP SUPPORT,2020-10-09,100031,4139,233,268,23335742,356000,302,53,9,79,210.03013610839844,2020-10-08,219.08642578125,2020-10-15
ZeXnlzeIOhw,✅ TODO lo NUEVO de Windows 10 OCTOBER 2020 Update(20H2) /Novedades COMPLETAS!,UCQ6qGzZJA36FMy_cYJkZCKA,Master Tutos 93,2020-09-23,83900,1897,245,366,16182940,128000,856,8,4,121,206.8783721923828,2020-09-22,206.7187957763672,2020-09-29
2NY0I7wmIM4,How to Reset Your Windows 10 PC,UCETxOvOv9_44-CUzsPlzyxQ,Chanux Bro,2020-11-14,86239,5458,92,1226,87463255,994000,1164,135,42,709,215.94464111328125,2020-11-13,210.38999938964844,2020-11-20
aSUy3My8sAE,Все изменения Windows 10 версии 20H2,UCS3pqiugq53HFPYiWLPtdeA,MSReview,2020-09-20,75995,3209,66,343,14857483,70100,406,3,0,98,199.8667297363281,2020-09-18,207.27734375,2020-09-25
RFI9M-QaOaY,Can the New MacBook M1 RUN Windows 10? Will it be possible?,UCz6PEeVLG1TL6jMRTvSLm4g,Matt Talks Tech,2020-11-19,80315,1762,250,359,13663106,98400,204,99,20,91,211.0800018310547,2020-11-18,213.8699951171875,2020-11-25
Nk5q0oEpZVA,PEŁNA OPTYMALIZACJA WINDOWS 10 pod GRY! - poradnik 2020,UCTR0dWhkNJv26d5i2Cg0AAQ,HardwareExplained,2020-08-08,75625,3091,63,369,3538382,31300,133,14,4,84,211.41412353515625,2020-08-07,207.85206604003903,2020-08-14
MhuaGc6MQ_k,Virtualizing Windows 10 ARM on an M1 Mac!,UCIfe1juYd-atTo-MmPgmU4g,Martin Nobel,2020-12-01,70669,1419,35,352,5799102,11400,207,62,11,56,214.07000732421875,2020-11-30,214.2899932861328,2020-12-07
JM8N7fpQ9pM,Windows 10 October 2020 Update (20H2) : Toutes les nouveautés !,UC4wj8LCLrOfgKrOVDLW4yOA,Tech2Tech - Mikaël,2020-10-26,64953,2735,58,253,6766630,86300,193,16,5,106,215.66537475585938,2020-10-23,201.9413146972656,2020-10-30
2-Fht-iU2NQ,How to Speed Up Your Windows 10 Performance (Best Settings),UCeVMnSShP_Iviwkknt83cww,CodeWithHarry,2020-12-01,83536,6759,200,980,57615926,842000,1141,223,63,392,214.07000732421875,2020-11-30,214.2899932861328,2020-12-07
1b7-XJnh-KE,🤔 ¿QUÉ VERSIÓN SUCEDERÁ A WINDOWS 10? | La red de Mario,UChFm1c5n1zlqK4-EitRPPRQ,La red de Mario,2020-11-13,59507,7569,93,804,18691250,192000,477,46,15,543,214.87744140625,2020-11-12,212.4199981689453,2020-11-19
v1dBud5Fie4,Cara Install Windows Dan Format Guna Pendrive 16GB,UCQ5QNTODg0xfuM06QAoNHrA,MONALIZA,2019-08-22,59240,2058,24,402,18141227,200000,688,28,7,130,136.869384765625,2019-08-21,133.68408203125,2019-08-28
J8Zthspdh3M,&quot;That&#39;s No Moon!&quot; | Minecraft STAR WARS Gameplay (Windows 10 Edition),UCP6f9x4iXk3LH8Q1sqJmYPQ,paulsoaresjr,2020-11-16,65355,2415,54,279,575487048,1490000,4197,87,16,67,215.94464111328125,2020-11-13,210.38999938964844,2020-11-20
HFDnP53mZU0,Как да Инсталираме ЛЕСНО Windows 10 (2020),UCTyMmBZhH2aSFe5ZRTIUQ6A,desktopbg,2020-01-14,57718,2527,85,314,2433236,19700,480,23,0,126,161.5684051513672,2020-01-13,165.34835815429688,2020-01-17
B5oDG7bdRaQ,Como Descargar Windows 10 20H2 v2 Original  y Crear USB Booteable para Instalarlo |  x32 y x64 bits,UCYcD1L2-7-rtpwMwLbSS4RQ,JimmyTutoriales,2020-10-27,57998,1740,49,522,11941192,218000,92,18,1,167,209.53143310546875,2020-10-26,201.8016662597656,2020-11-02
_eVwrr_tK7Q,KAMU GAK BISA INSTALL WINDOWS ? TONTON VIDEO INI | Tutorial Install Windows 10 Dan Driver-drivernya,UCBy8rNHn46DplYq4RehncZw,ARX (arxidmedia),2020-10-21,54987,1838,38,722,6584839,65700,161,24,7,227,214.0894927978516,2020-10-20,212.6931610107422,2020-10-27
